{"title":"<p>Learn Spanish berry names<\/p>\n","description":"<p>Berry names are presented in Spanish. You can turn the cards to see the correct English translations.<\/p>\n","dialogs":[{"text":"<p style=\"text-align: center;\">Ar\u00e1ndanos azules<\/p>","answer":"<p style=\"text-align: center;\">Blueberries<\/p>","tips":{},"audio":[{"path":"audios\/audio-5694acdfdeadc.mp3","mime":"audio\/mpeg","copyright":{"license":"U"}}],"image":{"path":"images\/image-568b7660dc188.jpg","mime":"image\/jpeg","copyright":{"license":"CC BY-SA","source":"https:\/\/commons.wikimedia.org\/wiki\/File:Gepfl%C3%BCckte_Wald-Heidelbeeren.JPG","author":"Rosa-Maria Rinkl","title":"Gepfl%C3%BCckte_Wald-Heidelbeeren.JPG","version":"4.0"},"width":480,"height":240},"imageAltText":"Berries which have a blue colour"},{"text":"<p style=\"text-align: center;\">Frambuesas<\/p>","answer":"<p style=\"text-align: center;\">Raspberries<\/p>","tips":{},"audio":[{"path":"audios\/audio-568b70e381d48.mp3","mime":"audio\/mpeg","copyright":{"license":"U"}}],"image":{"path":"images\/image-568b73cbd217e.jpg","mime":"image\/jpeg","copyright":{"license":"CC BY","source":"https:\/\/commons.wikimedia.org\/wiki\/File:Summer_raspberries,_2008.jpg","title":"Summer_raspberries,_2008.jpg","author":"www.bluewaikiki.com","version":"4.0"},"width":480,"height":240},"imageAltText":"Red berries"},{"text":"<p style=\"text-align: center;\">Fresas<\/p>","answer":"<p style=\"text-align: center;\">Strawberries<\/p>","tips":{},"audio":[{"path":"audios\/audio-568b70ec28044.mp3","mime":"audio\/mpeg","copyright":{"license":"U"}}],"image":{"path":"images\/image-568b75eb0dded.jpg","mime":"image\/jpeg","copyright":{"license":"CC BY-SA","source":"https:\/\/commons.wikimedia.org\/wiki\/File:Bowl_of_Strawberries.jpg","title":"Bowl_of_Strawberries.jpg","author":"ShakataGaNai","version":"4.0"},"width":480,"height":240},"imageAltText":"Red berries with green leaves"},{"text":"<p style=\"text-align: center;\">Guindas<\/p>","answer":"<p style=\"text-align: center;\">Cherries<\/p>","tips":{},"audio":[{"path":"audios\/audio-568b70f4d3704.mp3","mime":"audio\/mpeg","copyright":{"license":"U"}}],"image":{"path":"images\/image-568b751414a86.jpg","mime":"image\/jpeg","copyright":{"license":"CC BY","source":"https:\/\/commons.wikimedia.org\/wiki\/File:Cherries_(4700619439).jpg","title":"Cherries_(4700619439).jpg","author":"Jeremy Keith from Brighton &amp; Hove, United Kingdom","version":"4.0"},"width":480,"height":240},"imageAltText":"Red berries with green stems"},{"text":"<p style=\"text-align: center;\">Grosellas rojas<\/p>","answer":"<p style=\"text-align: center;\">Redcurrants<\/p>","tips":{},"audio":[{"path":"audios\/audio-568b70fbef52c.mp3","mime":"audio\/mpeg","copyright":{"license":"U"}}],"image":{"path":"images\/image-568b7557611a5.jpg","mime":"image\/jpeg","copyright":{"license":"CC BY-SA","author":"3268zauber","title":"Rote Johannisbeeren frisch gepfl\u00fcckt.JPG","source":"https:\/\/commons.wikimedia.org\/wiki\/File:Rote_Johannisbeeren_frisch_gepfl%C3%BCckt.JPG","version":"4.0"},"width":480,"height":240},"imageAltText":"Small spherical red berries"}],"next":"Next","answer":"Turn","prev":"Previous","retry":"Try again","progressText":"Card @card of @total","behaviour":{"scaleTextNotCard":true,"enableRetry":true,"disableBackwardsNavigation":false,"randomCards":false,"maxProficiency":5,"quickProgression":false},"cardFrontLabel":"Card front","cardBackLabel":"Card back","tipButtonLabel":"Show tip","audioNotSupported":"Your browser does not support this audio","mode":"normal","correctAnswer":"I got it right!","incorrectAnswer":"I got it wrong","round":"Round @round","cardsLeft":"Cards left: @number","nextRound":"Proceed to round @round","startOver":"Start over","showSummary":"Next","summary":"Summary","summaryCardsRight":"Cards you got right:","summaryCardsWrong":"Cards you got wrong:","summaryCardsNotShown":"Cards in pool not shown:","summaryOverallScore":"Overall Score","summaryCardsCompleted":"Cards you have completed learning:","summaryCompletedRounds":"Completed rounds:","summaryAllDone":"Well done! You got all @cards cards correct @max times in a row!","confirmStartingOver":{"header":"Start over?","body":"All progress will be lost. Are you sure you want to start over?","cancelLabel":"Cancel","confirmLabel":"Start over"}}